tld,count
com,3402897
net,339425
ru,308850
org,246524
de,145169
com.br,139080
in,103047
info,99198
co.uk,92477
pl,68837
fr,67887
jp,67807
it,67589
ir,62260
nl,55131
com.au,46819
cn,45203
eu,36681
es,36565
biz,35188
co,34190
co.kr,33598
co.jp,32598
co.za,28877
cz,28511
xyz,27895
ca,26596
me,25685
gr,22019
se,21250
com.cn,20767
us,20647
tv,20140
ro,19135
be,18162
ch,18119
com.ar,16874
dk,16826
at,14731
tk,14518
com.mx,14497
,14041
hu,14001
com.ua,13929
cc,13897
online,13663
com.tw,13646
no,12865
com.tr,12748
mx,12648
co.in,12387
sk,11108
co.id,10702
top,10690
fi,10657
vn,10640
cl,10623
pw,10549
io,9913
club,9282
kz,9104
pt,8969
kr,7956
by,7563
ie,7274
xn--p1ai,7026
site,6942
edu,6823
su,6723
com.pl,6624
gov.cn,6311
mobi,6248
org.uk,6242
co.nz,6140
pro,6027
com.es,5969
ua,5892
co.il,5699
lt,5616
az,5135
ws,5106
bg,4934
asia,4857
or.jp,4826
com.my,4397
ml,4186
ae,4076
org.br,4050
ne.jp,3832
ga,3795
tw,3691
or.kr,3598
com.sg,3567
com.vn,3464
com.hk,3374
tech,3333
lv,3272
space,3226
pk,3175
sg,3136
si,3074
com.co,2977
hk,2976
website,2934
com.ng,2857
dev,2846
com.eg,2720
cf,2718
com.ve,2706
hr,2701
my,2670
nu,2632
ee,2506
rs,2505
uz,2446
xxx,2371
download,2356
co.th,2250
to,2136
name,2070
org.cn,2060
fm,2055
link,2042
bid,1943
ac.jp,1924
gov.in,1891
gov,1840
org.au,1825
cat,1820
ma,1818
id,1787
com.pk,1764
in.ua,1762
ac.in,1760
lk,1754
am,1730
web.id,1723
edu.vn,1708
pe,1655
ge,1644
net.au,1621
lu,1595
net.br,1523
net.cn,1520
nic.in,1512
org.ua,1510
ph,1498
edu.cn,1495
com.ph,1462
com.pe,1444
gen.tr,1435
is,1425
kiev.ua,1414
win,1334
im,1289
bz,1288
uk,1284
spb.ru,1284
org.in,1273
gq,1256
org.tw,1210
la,1207
mn,1174
in.th,1127
co.ke,1120
ac.uk,1104
country,1048
com.sa,1042
gov.it,1036
edu.mx,1034
today,1009
gob.mx,1005
org.mx,994
ac.ir,980
go.kr,976
ba,967
click,966
ng,959
pics,943
edu.in,921
net.pl,909
org.za,887
travel,869
md,861
work,852
kim,847
news,843
net.in,840
org.tr,838
so,834
ly,833
tn,829
net.ua,826
tokyo,825
gr.jp,817
ac.id,816
org.ar,813
li,780
ed.jp,774
edu.pl,772
rocks,771
gov.uk,738
vu,737
org.pl,734
com.uy,732
blog.br,718
gov.tr,687
go.id,686
edu.br,683
guru,655
ninja,652
kg,632
mk,627
edu.hk,625
br,616
or.id,608
gg,596
edu.au,593
science,591
ac.kr,589
ac.th,578
com.do,577
edu.co,572
qc.ca,566
sa,557
co.at,552
ovh,550
com.bd,549
com.ru,544
lg.jp,541
al,537
life,527
go.th,523
waw.pl,521
vc,511
edu.pk,506
ag,498
gov.co,497
com.py,496
cm,492
com.ec,485
gov.br,483
dz,482
gdn,476
com.pt,475
press,467
org.nz,466
org.il,466
gov.ar,465
gov.tw,461
co.tz,452
coop,446
me.uk,442
one,436
media,434
web.tr,427
edu.pe,423
live,421
gov.my,420
dp.ua,412
gov.au,408
aero,405
red,402
host,401
gov.bd,401
tj,400
gob.pe,397
qa,396
jobs,394
edu.tw,392
wang,391
sexy,390
re,389
st,384
org.hk,382
ai,377
com.gt,375
info.pl,374
edu.my,373
mu,369
ac.cn,367
gob.ar,364
ec,362
sx,359
gob.ve,355
cu,354
go.jp,353
do,349
int,349
tips,345
center,336
com.np,335
od.ua,335
on.ca,330
trade,325
video,324
com.gr,323
gov.sa,323
ms,322
world,320
pe.kr,320
com.cy,319
sch.id,315
ac,312
gov.vn,309
cr,309
ind.br,308
msk.ru,306
sh,298
nhs.uk,295
idv.tw,293
my.id,293
edu.ar,292
com.pa,291
gov.pk,289
edu.ng,288
zone,285
tomsk.ru,282
vip,282
co.ao,279
moe,274
tl,269
ci,268
digital,267
sc,267
agency,267
af,267
party,266
hs.kr,265
bel.tr,262
gov.az,262
edu.tr,262
lol,261
gouv.fr,258
org.ru,257
es.kr,256
co.ug,256
ps,253
global,252
gov.ua,252
com.bo,249
gov.za,247
academy,247
gov.pl,245
cx,245
re.kr,244
net.vn,243
tc,242
net.ru,242
asso.fr,241
gs,239
ind.in,238
or.th,238
org.sg,233
org.ve,230
gov.ng,227
company,227
solutions,227
com.mk,227
net.tr,226
gov.hk,225
com.kw,219
org.pk,216
gov.ph,216
nf,216
social,215
app,214
com.hr,212
com.mm,209
com.qa,208
men,207
nz,207
cloud,207
gob.ec,206
as,206
govt.nz,206
org.my,206
review,203
gc.ca,203
sh.cn,203
london,201
blue,198
co.ir,197
edu.sa,196
wiki,195
tf,191
net.nz,191
om,189
nyc,189
bc.ca,188
gov.eg,188
design,187
adv.br,187
sn,186
org.sa,186
pm,186
store,185
com.sv,182
asn.au,182
dn.ua,179
co.zw,177
date,177
edu.eg,177
network,176
webcam,176
org.ng,175
sklep.pl,174
com.tn,173
directory,172
mg,171
ug,170
shop,168
gov.sg,168
city,168
cd,167
expert,167
art.br,166
kommune.no,166
org.co,165
inf.br,165
ac.at,165
edu.ph,164
zp.ua,164
help,164
hn,161
blog,161
res.in,161
org.vn,161
technology,160
lviv.ua,160
gov.ae,159
buzz,157
marketing,156
eus,155
tur.br,155
education,155
edu.sg,154
moscow,153
co.rs,153
szczecin.pl,153
com.ni,151
kh.ua,151
email,150
ca.us,150
wa.gov.au,149
pink,148
co.cr,148
porn,147
edu.bd,146
com.mt,143
pub,142
land,142
org.es,139
stream,138
kharkov.ua,138
go.tz,138
berlin,137
org.pe,137
sd,136
fo,134
ab.ca,134
cool,133
com.gh,132
wroclaw.pl,132
edu.ve,132
net.tw,130
ad,129
tools,129
systems,129
net.id,128
go.ke,128
sy,127
jus.br,127
gov.lk,127
net.ve,126
edu.ec,126
biz.pl,126
reviews,126
perm.ru,125
net.pk,124
works,124
events,124
guide,123
paris,123
ms.kr,123
gl,122
support,122
co.bw,120
edu.ua,119
ac.za,119
biz.tr,118
edu.az,118
com.kh,116
pro.br,116
if.ua,116
yt,116
gv.at,115
photography,114
gratis,114
jo,114
lc,113
photos,113
co.mz,113
gov.gr,111
tm,111
pn,111
wtf,111
ac.tz,110
services,110
rzeszow.pl,110
gov.sd,110
nnov.ru,109
gd,108
plus,107
uy,106
rw,106
edu.ru,106
bo,105
mil,105
gov.il,104
gi,104
edu.gr,104
ac.nz,104
net.co,103
com.lb,103
srv.br,103
com.na,102
gov.ir,101
org.bd,101
warszawa.pl,100
qld.edu.au,100
audio,97
bike,97
co.ve,96
ht,96
uno,96
report,95
gov.ru,95
k12.tr,95
cash,95
gov.af,95
name.tr,95
gallery,95
ac.ma,94
net.my,94
chat,94
crimea.ua,94
com.ro,94
edu.uy,94
ac.il,93
watch,92
vg,91
gt,91
eng.br,91
dj,91
eco.br,90
tv.br,90
go.cr,90
med.br,90
ink,89
lg.ua,89
market,89
racing,88
gob.es,88
community,88
money,88
studio,87
gov.mn,86
cci.fr,86
rnu.tn,86
je,86
gov.et,86
love,85
gob.pa,85
deals,85
loan,85
org.rs,85
nr,85
faith,84
ren,84
gov.np,84
ac.ke,83
photo,82
gob.sv,81
bzh,81
sex,81
mi.it,80
run,80
ck.ua,79
pp.ru,79
mk.ua,79
gal,78
bydgoszcz.pl,78
gov.om,78
gov.mm,77
ooo,77
gov.py,76
bh,76
or.tz,75
org.ph,75
wf,75
team,74
gub.uy,74
training,74
ltd.uk,74
gov.by,73
gift,73
katowice.pl,73
gov.qa,73
or.ke,72
business,72
imb.br,72
gov.mo,72
info.tr,72
net.sa,72
gov.rw,72
gov.sy,71
black,71
nc,71
sm,71
xn--80asehdb,70
bz.it,70
domains,70
gob.gt,70
codes,70
house,70
or.at,69
casa,69
pl.ua,69
edu.do,69
bet,69
eg,68
ao,68
pf,68
gov.jo,67
com.mo,67
ks.ua,67
iq,67
vn.ua,67
bm,66
gov.kw,66
tt,66
opole.pl,66
international,65
taipei,64
org.ir,64
bio,64
bi,64
care,64
co.zm,64
camp,63
xn--j1amh,62
gy,62
police.uk,62
gov.rs,62
cv,61
gov.ma,61
vgs.no,61
org.eg,60
gov.al,60
tx.us,60
na,60
bf,60
school,59
te.ua,59
tv.tr,58
org.np,58
eti.br,58
olsztyn.pl,58
gov.bh,57
odessa.ua,57
careers,57
id.au,57
go.ug,57
desi,57
edu.gh,56
cricket,56
mn.us,56
tm.fr,56
com.bh,56
ac.ae,56
gov.iq,56
edu.sd,55
xn--p1acf,55
casino,55
nagoya,55
au,55
direct,55
edu.bo,55
bank,54
com.ly,54
to.it,54
zgora.pl,54
toscana.it,54
coop.br,53
karelia.ru,53
hosting,53
scot,53
gov.lv,53
co.hu,52
org.uy,52
com.jo,52
med.sa,52
com.az,52
edu.gt,52
edu.af,52
bialystok.pl,52
tel,52
com.bn,51
edu.rs,51
sr,51
org.af,51
place,50
mb.ca,50
style,50
edu.om,50
farm,50
ac.cr,50
av.tr,49
fit,49
bw,49
gov.bn,49
group,49
xn--80adxhks,49
pr,48
mc,48
gov.gh,48
mr,48
tn.it,48
adm.br,48
boutique,48
gen.in,47
pictures,47
ad.jp,47
com.pg,47
edu.iq,46
accountant,46
com.vc,46
istanbul,46
ac.bd,46
edu.sv,46
dating,46
edu.jo,46
gob.ni,45
edu.np,45
ne.kr,45
movie,45
ltd,45
exchange,45
gd.cn,45
clothing,45
gov.ge,45
kr.ua,44
coffee,44
onl,44
gov.do,44
edu.kw,44
futbol,43
cards,43
gov.pt,43
wi.us,43
software,43
oh.us,42
fund,42
gov.tm,42
bt,42
edu.pt,41
org.bo,41
in.rs,41
wa.us,41
mt,41
rv.ua,41
g12.br,40
camera,40
gov.lb,40
sumy.ua,40
ventures,40
name.vn,40
jor.br,39
co.ma,39
wien,39
org.do,39
edu.mo,39
co.it,39
amsterdam,39
org.gr,39
gov.dz,39
okinawa,39
university,39
gov.ly,39
mw,38
gov.ve,38
org.gt,38
estate,38
il.us,38
net.gr,38
arq.br,38
sl,38
edu.lb,38
vision,38
ax,37
roma.it,37
institute,37
edu.mn,37
cafe,37
mus.br,37
czest.pl,37
edu.ge,37
gov.ba,37
gov.tt,37
ne,37
church,36
xin,36
ac.ug,36
fyi,36
gov.kh,36
repair,36
bo.it,36
energy,35
cn.ua,35
ma.us,35
fitness,35
com.fj,35
graphics,34
or.us,34
menu,34
org.qa,34
xn--3e0b707e,34
na.it,34
mo,34
ny.us,34
gov.bt,34
com.fr,34
jetzt,34
shoes,33
etc.br,33
fl.us,33
brussels,33
club.tw,33
kitchen,33
com.ge,33
zj.cn,33
singles,33
nc.us,33
edu.ly,33
best,32
xn--90ais,32
xn--6frz82g,32
org.pt,32
aeroport.fr,32
edu.ee,32
cv.ua,32
kiwi,32
edu.et,32
consulting,32
slask.pl,32
km.ua,32
gov.la,32
com.hn,32
games,32
gov.mk,32
gov.tn,32
town,32
fi.it,32
biz.id,32
edu.ni,32
dog,32
ist,31
org.mo,31
partners,31
milano.it,31
toys,31
tr,31
esp.br,31
va,31
solar,31
bj,31
malopolska.pl,31
immo,31
edu.py,30
fi.cr,30
moda,30
express,30
edu.sy,30
ac.ru,30
mil.ru,30
ky,30
yokohama,30
gov.mz,30
net.uk,30
rip,30
kent.sch.uk,30
pila.pl,30
net.ph,29
net.bd,29
js.cn,29
poker,29
fashion,29
game.tw,29
properties,29
net.ar,29
show,29
how,28
ha.cn,28
radom.pl,28
sk.ca,28
nov.ru,28
bar,28
mv,28
fm.br,28
gov.cy,28
gp,27
org.zm,27
clinic,27
gov.jm,27
tienda,27
kirov.ru,27
ar,27
mi.us,27
sa.it,27
sale,27
tg,27
or.ug,27
pro.vn,26
mil.id,26
finance,26
edu.za,26
of.by,26
sch.ir,26
com.om,26
nj.us,26
new,26
beer,26
mo.it,26
info.vn,26
kalisz.pl,26
co.tt,26
net.mx,26
edu.pa,26
pa.us,25
ac.lk,25
ac.cy,25
xn--80aswg,25
com.af,25
wales,25
co.us,25
info.ve,25
hamburg,25
org.lb,25
com.pr,25
cg,25
ac.be,25
vi.it,25
org.kw,25
uz.ua,25
foundation,25
ngo,25
taxi,25
sv,25
recipes,25
prod,25
bg.it,25
google,24
ns.ca,24
film,24
coach,24
cheap,24
tube,24
edu.cu,24
delivery,24
edu.es,24
torino.it,24
mp,24
chita.ru,24
donetsk.ua,24
org.tn,24
edu.qa,24
melbourne,23
holiday,23
ac.rs,23
ct.it,23
org.cy,23
com.et,23
piemonte.it,23
co.ls,23
org.py,23
pol.tr,23
koeln,23
firm.in,23
net.eg,23
vegas,23
org.mk,22
muni.il,22
swiss,22
org.ec,22
nom.es,22
surrey.sch.uk,22
org.sv,22
gov.pg,22
build,22
football,22
bs,22
co.rw,22
com.al,22
cab,22
voyage,22
co.om,22
gv.ao,22
ceo,22
rentals,22
cq.cn,22
gm,22
vlog.br,21
pr.it,21
bj.cn,21
edunet.tn,21
nat.tn,21
kaluga.ru,21
game,21
fish,21
veneto.it,21
fvg.it,21
barcelona,21
dance,21
bs.it,21
re.it,21
museum,21
ve,21
kn,21
gov.bf,20
va.us,20
sydney,20
co.ae,20
capital,20
hm,20
vr.it,20
elk.pl,20
nrw,20
poltava.ua,20
ud.it,20
ski,20
band,20
tv.it,20
edu.dz,20
slupsk.pl,20
xn--fiqs8s,20
limited,20
marche.it,19
sch.sa,19
computer,19
wiki.br,19
bb,19
net.ng,19
gov.ye,19
xn--c1avg,19
mil.pl,19
cw,19
gop,19
tours,19
org.ma,19
capetown,19
engineering,19
edu.al,19
vote,19
tur.ar,19
rest,19
co.me,18
info.hu,18
ba.it,18
notaires.fr,18
quebec,18
bayern,18
edu.kh,18
equipment,18
parts,18
net.il,18
lat,18
org.ni,18
omsk.ru,18
rio,18
xn--tckwe,18
pa.it,18
horse,18
web.ve,18
fg.it,18
sch.ae,18
com.lk,18
office,18
adult,18
rent,18
pizza,18
sch.ng,18
ki,17
gov.ps,17
fin.ec,17
ads,17
com.ba,17
yoga,17
org.az,17
trieste.it,17
krd,17
org.ro,17
com.la,17
rm.it,17
gov.zm,17
gov.fj,17
org.jo,17
mil.ve,17
ah.cn,17
am.br,17
va.it,17
kherson.ua,17
lipetsk.ru,17
supply,17
net.pe,16
edu.bh,16
edu.mk,16
earth,16
herts.sch.uk,16
nieruchomosci.pl,16
surf,16
pd.it,16
glass,16
gov.mu,16
cim.br,16
tychy.pl,16
gx.cn,16
napoli.it,16
desa.id,16
info.ro,16
com.bz,16
actor,16
gov.cm,16
sd.cn,16
edu.ba,15
org.kh,15
xn--q9jyb4c,15
lutsk.ua,15
theater,15
folkebibl.no,15
co.sz,15
in.us,15
co.im,15
pv.it,15
edu.ps,15
mc.it,15
com.jm,15
dm,15
fail,15
puglia.it,15
gouv.ht,15
konin.pl,15
com.by,15
joburg,15
travel.pl,15
me.it,15
net.mm,15
ed.ao,15
org.ly,15
mil.ar,14
biz.vn,14
mil.co,14
kuban.ru,14
org.na,14
law,14
management,14
ac.pa,14
emp.br,14
brescia.it,14
bologna.it,14
ca.it,14
genova.it,14
edu.lk,14
haus,14
psi.br,14
ra.it,14
gifts,14
ac.mz,14
discount,14
net.za,14
or.cr,14
geek.nz,14
edu.mm,14
ln.cn,14
insure,14
ga.us,14
lombardia.it,14
com.ye,14
yandex,14
irkutsk.ru,14
green,14
com.mv,14
sc.kr,13
aw,13
gz.cn,13
cnt.br,13
exposed,13
lighting,13
gov.sl,13
bargains,13
tver.ru,13
college,13
pa,13
bbs.tr,13
diet,13
hk.cn,13
nom.co,13
healthcare,13
tirol,13
archi,13
shop.pl,13
gold,13
bio.br,13
firenze.it,13
mi.th,13
com.cu,13
mil.ec,13
ls,12
vet,12
plc.uk,12
agr.br,12
kred,12
promo,12
com.sb,12
edu.bn,12
pet,12
org.bw,12
org.gh,12
hants.sch.uk,12
et,12
fr.it,12
gov.kg,12
blackfriday,12
chambagri.fr,12
pz.it,12
ac.rw,12
zm,12
pisa.it,12
restaurant,12
auction,12
store.ro,12
kaufen,11
com.dz,11
ge.it,11
le.it,11
mo.us,11
family,11
com.sy,11
org.sy,11
osaka,11
sci.eg,11
tattoo,11
fe.it,11
derbyshire.sch.uk,11
lel.br,11
psc.br,11
bnpparibas,11
org.bt,11
org.et,11
liguria.it,11
gov.ec,11
legal,11
sx.cn,11
garden,11
gos.pk,11
radio.br,11
odo.br,11
gloucs.sch.uk,11
cn.it,11
abbott,11
flog.br,11
credit,11
property,11
ac.zw,11
builders,11
frl,11
kyoto,10
tec.ve,10
b.br,10
umbria.it,10
net.az,10
lu.it,10
az.us,10
jl.cn,10
ve.it,10
sn.cn,10
gov.zw,10
parma.it,10
leclerc,10
kg.kr,10
org.dz,10
xn--d1acj3b,10
flights,10
edu.bt,10
pi.it,10
vi,10
net.do,10
ac.vn,10
viajes,10
sc.cn,10
sicilia.it,10
com.cm,10
prato.it,10
sardegna.it,10
cs.it,10
tax,10
devon.sch.uk,9
gf,9
net.th,9
agro.pl,9
km,9
web.za,9
soy,9
enterprises,9
org.mt,9
cymru,9
ppg.br,9
holdings,9
org.mz,9
cba,9
gov.bb,9
tp.it,9
limo,9
edu.ye,9
sosnowiec.pl,9
net.lb,9
financial,9
lazio.it,9
li.it,9
edu.lv,9
zt.ua,9
ss.it,9
dental,9
edu.tt,9
th,9
lecco.it,9
samara.ru,9
org.ls,9
study,9
lt.it,9
com.sd,9
cleaning,9
pc.pl,9
pg.it,9
shiksha,9
ut.us,9
press.ma,9
av.it,8
gov.mv,8
hn.cn,8
luxury,8
mil.pe,8
art,8
or.it,8
bham.sch.uk,8
org.ae,8
post,8
sebastopol.ua,8
ed.cr,8
irish,8
cornwall.sch.uk,8
jewelry,8
al.it,8
so.it,8
bari.it,8
foo,8
ce.it,8
fot.br,8
ac.mu,8
plumbing,8
christmas,8
vodka,8
cern,8
srl,8
org.ge,8
edu.zm,8
br.it,8
mq,8
presse.fr,8
lugansk.ua,8
ia.us,8
gr.it,8
investments,8
juegos,8
md.us,8
from.hr,8
mil.br,8
pe.ca,8
nh.us,8
villas,8
vt.it,7
ac.zm,7
nb.ca,7
net.ae,7
astrakhan.ru,7
schule,7
wedding,7
net.ly,7
ruhr,7
edu.jm,7
sucks,7
palermo.it,7
udine.it,7
mz,7
mil.do,7
claims,7
diamonds,7
mn.it,7
gov.pr,7
nf.ca,7
nu.it,7
corsica,7
edu.bz,7
vda.it,7
bristol.sch.uk,7
telefonica,7
an.it,7
tula.ru,7
nikolaev.ua,7
org.sz,7
net.kg,7
cr.it,7
padova.it,7
mil.za,7
ac.pg,7
mat.br,7
org.je,7
sb,7
bible,7
org.mm,7
fishing,7
ni,7
school.za,7
rc.it,7
nl.ca,7
latina.it,7
net.hk,7
chirurgiens-dentistes.fr,7
goo,7
ong,7
hi.cn,7
ct.us,7
bradesco,7
gent,7
hiphop,7
org.tt,7
northants.sch.uk,6
catania.it,6
taranto.it,6
web.pk,6
net.ma,6
ta.it,6
verona.it,6
saarland,6
pc.it,6
nm.us,6
coupons,6
tmp.br,6
e-burg.ru,6
org.la,6
tj.cn,6
bromley.sch.uk,6
edu.mt,6
mba,6
com.bt,6
gov.gy,6
cooking,6
gov.me,6
bn.it,6
ap.it,6
venezia.it,6
com.iq,6
box,6
baidu,6
edu.ci,6
vacations,6
kamchatka.ru,6
asti.it,6
alsace,6
immobilien,6
rehab,6
como.it,6
shopping,6
net.mk,6
rec.br,6
com.kp,6
gov.ky,6
mil.bd,6
sc.tz,6
pu.it,6
wine,6
sz,6
id.ir,6
sa.cr,6
com.zm,6
novara.it,6
bucks.sch.uk,6
lgbt,6
realtor,6
tambov.ru,6
army,6
te.it,6
golf,6
ag.it,6
supplies,6
iwate.jp,6
vicenza.it,6
rovno.ua,6
org.hu,6
forsale,6
baikal.ru,6
biella.it,6
rimini.it,6
com.lv,6
lawyer,6
barclays,6
com.ag,6
essex.sch.uk,6
pri.ee,6
ak.us,6
goog,6
gov.ml,6
gov.lr,6
newham.sch.uk,5
varese.it,5
sc.us,5
ac.fj,5
it.ao,5
mh,5
monash,5
edu.ht,5
pavia.it,5
gov.gi,5
contractors,5
gs.cn,5
org.fj,5
fans,5
net.kw,5
museum.no,5
gov.bs,5
associates,5
com.vu,5
mil.ng,5
com.tj,5
org.jm,5
lincs.sch.uk,5
co.ck,5
livorno.it,5
volyn.ua,5
not.br,5
car,5
ealing.sch.uk,5
vlaanderen,5
vet.br,5
sj,5
rg.it,5
xn--mgbab2bd,5
bl.it,5
net.gt,5
reise,5
caserta.it,5
emr.it,5
xn--mk1bu44c,5
mil.cn,5
campania.it,5
net.sg,5
notts.sch.uk,5
lodi.it,5
grosseto.it,5
aq.it,5
id.lv,5
suffolk.sch.uk,5
ryazan.ru,5
gen.nz,5
cam,5
go.it,5
perugia.it,5
fhs.no,5
edu.hn,5
aq,5
leics.sch.uk,5
org.pa,5
net.np,5
guitars,5
coventry.sch.uk,5
mo.cn,5
apartments,5
sky,5
dorset.sch.uk,5
tw.cn,5
ens.tn,5
nagasaki.jp,5
productions,5
rieti.it,5
pescara.it,5
com.ky,5
med,5
construction,5
ivanovo.ru,5
fc.it,5
basilicata.it,5
com.kg,5
engineer,5
siena.it,5
org.lk,5
yaroslavl.ru,5
vladimir.ru,5
pn.it,5
n-yorks.sch.uk,5
arezzo.it,5
ms.us,5
e-sussex.sch.uk,4
gh,4
wilts.sch.uk,4
ch.it,4
mil.lv,4
furniture,4
info.tn,4
barclaycard,4
hockey,4
cologne,4
xn--mgbaam7a8h,4
messina.it,4
florist,4
attorney,4
hounslow.sch.uk,4
de.us,4
xn--80ao21a,4
sc.ug,4
mma,4
citic,4
trento.it,4
auto,4
com.ht,4
miami,4
surgery,4
bingo,4
ostroleka.pl,4
sch.qa,4
yn.cn,4
ks.us,4
xn--vuq861b,4
tm.pl,4
reisen,4
condos,4
en.it,4
ryukyu,4
hi.us,4
treviso.it,4
mantova.it,4
hl.cn,4
bournemouth.sch.uk,4
mil.nz,4
ms.it,4
net.bz,4
sp.it,4
fage,4
nv.us,4
peterborough.sch.uk,4
id.us,4
edu.kg,4
sd.us,4
laspezia.it,4
cambs.sch.uk,4
com.sh,4
ro.it,4
ancona.it,4
net.ec,4
ok.us,4
org.om,4
mari-el.ru,4
gov.bz,4
avellino.it,4
no.it,4
net.ye,4
edu.bs,4
k12.il,4
ac.me,4
rn.it,4
ar.it,4
norfolk.sch.uk,4
nom.za,4
mil.ph,4
democrat,4
kazan.ru,4
piacenza.it,4
nd.us,4
priv.no,4
org.pg,4
ne.us,4
org.zw,4
vercelli.it,4
me.ke,4
cruises,4
xn--4gbrim,4
sutton.sch.uk,4
yk.ca,4
org.kp,4
eun.eg,4
emilia-romagna.it,4
k12.ec,4
xn--wgbl6a,4
durban,4
org.sd,4
mil.by,4
cl.it,4
salerno.it,4
co.je,4
td,4
org.al,4
com.so,3
bir.ru,3
foggia.it,3
savona.it,3
cheshire.sch.uk,3
oskol.ru,3
worcs.sch.uk,3
al.us,3
bv,3
crotone.it,3
cardiff.sch.uk,3
rodeo,3
si.it,3
com.sl,3
career,3
magadan.ru,3
gmbh,3
nx.cn,3
idv.hk,3
far.br,3
org.gy,3
k12.ma.us,3
scb,3
fhsk.se,3
sassari.it,3
cb.it,3
pt.it,3
mom,3
cri.nz,3
imperia.it,3
ar.us,3
modena.it,3
mil.my,3
ven.it,3
mil.uy,3
com.uz,3
cosenza.it,3
brindisi.it,3
southend.sch.uk,3
co.ni,3
kurgan.ru,3
leeds.sch.uk,3
bolzano.it,3
cagliari.it,3
laquila.it,3
stockport.sch.uk,3
gov.gn,3
vin,3
cuneo.it,3
tennis,3
cremona.it,3
mil.kr,3
wv.us,3
mari.ru,3
oxon.sch.uk,3
vologda.ru,3
net.uy,3
aws,3
pistoia.it,3
agrigento.it,3
brent.sch.uk,3
orenburg.ru,3
net.mv,3
staffs.sch.uk,3
pharmacy,3
calabria.it,3
rep.kp,3
org.mn,3
hitachi,3
gives,3
tr.it,3
com.gn,3
chel.ru,3
xn--6qq986b3xl,3
cars,3
terni.it,3
vv.it,3
kostroma.ru,3
sony,3
lancs.sch.uk,3
il,3
com.bs,3
bi.it,3
saxo,3
wokingham.sch.uk,3
sr.it,3
catanzaro.it,3
lucca.it,3
nico,3
org.bz,3
vdonsk.ru,3
saratov.ru,3
industries,3
net.ba,3
manchester.sch.uk,3
mt.us,3
gov.sb,3
rybnik.pl,3
xn--ngbc5azd,3
axa,3
pe.it,3
hb.cn,3
net.qa,3
gb,3
medecin.fr,3
trust,3
stc,3
net.py,3
yahoo,3
w-sussex.sch.uk,3
org.bh,3
com.gu,3
teo.br,3
is.it,3
dep.no,3
catering,3
a.se,3
murmansk.ru,3
pub.sa,3
trapani.it,3
pordenone.it,3
vb.it,3
hiv,3
cumbria.sch.uk,3
ice,3
kep.tr,3
oldham.sch.uk,3
k12.nh.us,3
com.tm,3
alessandria.it,3
ao.it,3
edu.ml,3
mil.bo,2
idrett.no,2
tuva.ru,2
co.mu,2
tyumen.ru,2
legnica.pl,2
creditcard,2
fukuoka.jp,2
audi,2
port.fr,2
ebiz.tw,2
gov.cu,2
bolton.sch.uk,2
matera.it,2
edu.ck,2
pictet,2
iz.hr,2
bryansk.ru,2
ndc.ye,2
pvt.ge,2
dentist,2
voting,2
sefton.sch.uk,2
bms,2
co.fk,2
smolensk.ru,2
youtube,2
harrow.sch.uk,2
solihull.sch.uk,2
org.cu,2
edin.sch.uk,2
caltanissetta.it,2
pesarourbino.it,2
sheffield.sch.uk,2
sener,2
kota.aichi.jp,2
ifm,2
mil.ni,2
accountants,2
k12.in.us,2
rovigo.it,2
slough.sch.uk,2
stat.no,2
sakhalin.ru,2
rnrt.tn,2
co.uz,2
penza.ru,2
mt.it,2
med.ly,2
enna.it,2
gov.kn,2
ecn.br,2
kp,2
po.it,2
com.ml,2
k12.md.us,2
bytom.pl,2
benevento.it,2
qh.cn,2
frosinone.it,2
wigan.sch.uk,2
lease,2
globo,2
net.ir,2
taobao,2
net.mt,2
fst.br,2
net.cy,2
here,2
kms.ru,2
k12.ia.us,2
xj.cn,2
swansea.sch.uk,2
tom.ru,2
altai.ru,2
org.lv,2
xn--54b7fta0cc,2
tickets,2
kchr.ru,2
cy,2
com.ps,2
dhl,2
forex,2
syzran.ru,2
stv.ru,2
gob.pk,2
kursk.ru,2
com.gi,2
shizuoka.jp,2
chieti.it,2
net.sb,2
trafford.sch.uk,2
markets,2
og.ao,2
ricoh,2
edu.me,2
edu.la,2
net.ag,2
net.pg,2
iwi.nz,2
gorizia.it,2
tires,2
wy.us,2
py,2
gripe,2
vic.gov.au,2
sarl,2
campobasso.it,2
canon,2
kingston.sch.uk,2
vinnica.ua,2
tn.us,2
buryatia.ru,2
uzhgorod.ua,2
im.it,2
play,2
greta.fr,2
gov.kp,2
xn--h2brj9c,2
wa.edu.au,2
lo.it,2
molise.it,2
rns.tn,2
xn--wgbh1c,2
navy,2
nom.fr,2
belgorod.ru,2
gov.ck,2
edu.mz,2
toray,2
gov.bm,2
flowers,2
nt.ca,2
net.sy,2
bcn,2
edu.bb,2
edu.gy,2
ternopil.ua,2
org.ye,2
croydon.sch.uk,2
newcastle.sch.uk,2
physio,2
qpon,2
net.tn,2
pp.se,2
orange,2
qsl.br,2
biz.pk,2
suedtirol.it,2
gw,2
milton-keynes.sch.uk,2
com.ee,2
med.ec,2
komatsu,2
derby.sch.uk,2
uol,2
at.it,2
mil.jo,2
info.ec,2
veterinaire.fr,2
tatar,2
xn--j6w193g,2
int.ru,2
swatch,2
k12.ga.us,2
k12.va.us,2
rnd.ru,2
samsung,2
edu.sl,2
moi,2
s-lanark.sch.uk,2
gov.ki,2
me.us,2
xn--o3cw4h,2
airforce,2
sap,2
teramo.it,2
neustar,2
ri.it,2
ltda,2
arts.ro,2
cancerresearch,2
la.us,2
walbrzych.pl,1
steger.nom.br,1
wolverhampton.sch.uk,1
edu.sn,1
tv.bo,1
cc.nm.us,1
amur.ru,1
drive,1
brunet.bn,1
cc.al.us,1
edeka,1
pup.gov.pl,1
k12.ak.us,1
sv.it,1
zero,1
reggio-calabria.it,1
edu.tm,1
yakutia.ru,1
i.ng,1
coastaldefence.museum,1
bridgestone,1
plymouth.sch.uk,1
info.sd,1
gouv.ci,1
trd.br,1
net.lv,1
merton.sch.uk,1
rutland.sch.uk,1
haringey.sch.uk,1
pruszkow.pl,1
shop.hu,1
org.gi,1
m.se,1
sondrio.it,1
kumamoto.jp,1
shell,1
lib.tx.us,1
yamaguchi.jp,1
edu.mg,1
rivne.ua,1
data,1
hsbc,1
wolomin.pl,1
k12.la.us,1
lib.ia.us,1
k12.mn.us,1
co.bi,1
sete.nom.br,1
verbania.it,1
powiat.pl,1
aosta.it,1
busan.kr,1
xn--90a3ac,1
loans,1
net.ge,1
antigos.nom.br,1
lebork.pl,1
gov.sh,1
gov.er,1
grmc.gu,1
theatre,1
xn--io0a7i,1
secure,1
skoczow.pl,1
nic.tj,1
glogow.pl,1
csc,1
realestate.pl,1
hiroshima.jp,1
pyatigorsk.ru,1
org.hn,1
zarow.pl,1
ingatlan.hu,1
potenza.it,1
olkusz.pl,1
sm.ua,1
database.museum,1
vyatka.ru,1
jcb,1
saba.ye,1
brighton-hove.sch.uk,1
hereford.sch.uk,1
alibaba,1
heritage.museum,1
mil.hn,1
tm.mc,1
suwalki.pl,1
edu.ms,1
www.kw,1
k12.wy.us,1
mie.jp,1
xn--kpry57d,1
mp.br,1
stargard.pl,1
bozen.it,1
saitama.jp,1
compyterlikbez.gu,1
jaworzno.pl,1
lib.me.us,1
rich,1
bieszczady.pl,1
klodzko.pl,1
k12.nj.us,1
nu.ca,1
southwark.sch.uk,1
vladivostok.ru,1
gov.pn,1
abb,1
macerata.it,1
windows,1
info.az,1
gov.sc,1
tatarstan.ru,1
spreadbetting,1
o.se,1
gyeongnam.kr,1
jll,1
k12.nc.us,1
k12.ct.us,1
stalowa-wola.pl,1
co.cm,1
lib.nc.us,1
k12.il.us,1
k12.sc.us,1
xn--zfr164b,1
com.sc,1
yamanashi.jp,1
dlugoleka.pl,1
ha.no,1
lib.co.us,1
colecionismo.nom.br,1
mb.it,1
www.nagoya.jp,1
kemerovo.ru,1
milan.it,1
kiwi.nz,1
bira.nom.br,1
net.jo,1
k12.ri.us,1
com.ai,1
nec,1
lapy.pl,1
net.tt,1
fie.ee,1
gov.mg,1
pulawy.pl,1
somerset.sch.uk,1
net.bt,1
kna.kw,1
plo.ps,1
art.museum,1
lib.ny.us,1
communications.museum,1
nsk.ru,1
org.iq,1
malbork.pl,1
maison,1
www.bd,1
fm.it,1
k12.mo.us,1
po.gov.pl,1
org.sb,1
ehime.jp,1
xn--t60b56a,1
nsn.us,1
nalchik.ru,1
turek.pl,1
xn--rhqv96g,1
health.vn,1
toyama.jp,1
w.se,1
edu.gi,1
oryol.ru,1
rzgw.gov.pl,1
daejeon.kr,1
firm.ve,1
co.vi,1
lib.fl.us,1
eco,1
sos.pl,1
mielno.pl,1
k12.vt.us,1
nom.ro,1
film.hu,1
org.se,1
spb.su,1
k12.ok.us,1
hluttaw.mm,1
lecce.it,1
gov.cl,1
cherkasy.ua,1
daegu.kr,1
com.lr,1
sochi.su,1
augustow.pl,1
kirovograd.ua,1
yellow.ye,1
k12.mi.us,1
mobile,1
kvinesdal.no,1
xn--skjk-soa.no,1
wallonie.museum,1
rochdale.sch.uk,1
okayama.jp,1
com.ms,1
org.bn,1
ac.mw,1
gouv.sn,1
froya.no,1
mediocampidano.it,1
olawa.pl,1
hermes,1
gov.lt,1
nsw.au,1
agrinet.tn,1
lib.ga.us,1
gouv.ml,1
olecko.pl,1
oa.pg,1
tgory.pl,1
bedzin.pl,1
cc.ia.us,1
almaged.ye,1
kochi.jp,1
org.ba,1
antonio.nom.br,1
vic.au,1
augustus.nom.br,1
bolt.hu,1
co.ag,1
cc.il.us,1
carboniaiglesias.it,1
chiba.jp,1
hotel.tz,1
reading.sch.uk,1
org.mw,1
lib.ma.us,1
ri.us,1
kwp.gov.pl,1
www.yokohama.jp,1
ggf.br,1
leicester.sch.uk,1
nexus,1
chungbuk.kr,1
info.np,1
gangwon.kr,1
kppsp.gov.pl,1
nom.pe,1
info.ke,1
tottori.jp,1
org.ky,1
fujitsu,1
zlg.br,1
pomorze.pl,1
junior.nom.br,1
sch.lk,1
beats,1
um.gov.pl,1
k12.pa.us,1
net.vc,1
infiniti,1
gn,1
dudley.sch.uk,1
sex.hu,1
org.bb,1
mail.pl,1
bmw,1
xn--efvn9s.jp,1
lib.ne.us,1
is.gov.pl,1
v.bg,1
camden.sch.uk,1
rakkestad.no,1
gniezno.pl,1
net.fj,1
inf.mk,1
atm.pl,1
med.om,1
osaka.jp,1
gov.gu,1
per.sg,1
cieszyn.pl,1
com.im,1
forde.no,1
gob.bo,1
sandvik,1
barnet.sch.uk,1
jelenia-gora.pl,1
lidl,1
uw.gov.pl,1
experts-comptables.fr,1
lt.ua,1
star,1
calderdale.sch.uk,1
k12.or.us,1
sogndal.no,1
sa.nom.br,1
conwy.sch.uk,1
krasnoyarsk.ru,1
web.lk,1
ulsan.kr,1
gov.st,1
ci.it,1
cidadania.nom.br,1
xn--pgbs0dh,1
starachowice.pl,1
pin,1
k12.tn.us,1
gle,1
co.na,1
lib.nh.us,1
oslo.no,1
fraenkel.nom.br,1
lord.nom.br,1
lambeth.sch.uk,1
prochowice.pl,1
edu.sb,1
net.so,1
boo,1
chelyabinsk.ru,1
belluno.it,1
wlocl.pl,1
fukui.jp,1
szkola.pl,1
docs,1
gov.ms,1
mr.no,1
podhale.pl,1
media.hu,1
lib.wy.us,1
tarnobrzeg.pl,1
crs,1
lib.va.us,1
aichi.jp,1
gov.tl,1
wed,1
cc.ga.us,1
origem.nom.br,1
fj.cn,1
bmd.br,1
inf.cu,1
mielec.pl,1
kazimierz-dolny.pl,1
lib.pa.us,1
or.ci,1
forum.hu,1
fnd.br,1
mini,1
miyazaki.jp,1
nadex,1
przeworsk.pl,1
khakassia.ru,1
k12.tx.us,1
abruzzo.it,1
hotel.hu,1
lorenskog.no,1
name.ng,1
coop.py,1
k12.ks.us,1
hokkaido.jp,1
voronezh.ru,1
mil.np,1
praxi,1
cc.tx.us,1
net.la,1
medway.sch.uk,1
mup.gov.pl,1
forli-cesena.it,1
lakas.hu,1
blackpool.sch.uk,1
gov.to,1
middlesbrough.sch.uk,1
mil.tz,1
cc.az.us,1
shimonoseki.yamaguchi.jp,1
conf.au,1
org.ug,1
xn--mgberp4a5d4ar,1
nkz.ru,1
warmia.pl,1
incheon.kr,1
kr.it,1
sr.gov.pl,1
kaszuby.pl,1
lib.sc.us,1
pisz.pl,1
lbhf.sch.uk,1
law.za,1
kutno.pl,1
gob.do,1
nt.edu.au,1
gwynedd.sch.uk,1
gov.mw,1
geometre-expert.fr,1
k12.fl.us,1
mazury.pl,1
wirral.sch.uk,1
k12.ut.us,1
org.kz,1
gov.ie,1
ses,1
net.sd,1
hot,1
prd.fr,1
cc.wa.us,1
www.ro,1
portfolio.fj,1
sejny.pl,1
ibaraki.jp,1
edu.mw,1
co.pn,1
tokyo.jp,1
lib.al.us,1
now,1
bt.it,1
skjak.no,1
wegrow.pl,1
total,1
firm.ro,1
oz.au,1
kita.osaka.jp,1
wsa.gov.pl,1
vs.it,1
k12.id.us,1
history.museum,1
git.ck,1
dev.mm,1
kanagawa.jp,1
org.lr,1
weir,1
pages.nom.br,1
sa.gov.au,1
heu.nom.br,1
so.gov.pl,1
nsw.edu.au,1
richmond.sch.uk,1
jeonbuk.kr,1
lib.mo.us,1
k12.ar.us,1
oristano.it,1
call,1
nom.pl,1
kobierzyce.pl,1
lib.mi.us,1
kyiv.ua,1
lib.wa.us,1
org.ki,1
doncaster.sch.uk,1
co.ci,1
havering.sch.uk,1
yalta.ua,1
msd,1
gov.fk,1
yamagata.jp,1
vrn.ru,1
jx.cn,1
fly,1
law.pro,1
biz.az,1
trysil.no,1
lib.ak.us,1
ichinoseki.iwate.jp,1
ck,1
art.dz,1
edu.dm,1
smile,1
tm.ro,1
meldal.no,1
tochigi.jp,1
sanok.pl,1
lezajsk.pl,1
org.bs,1
xn--fiq228c5hs,1
g.se,1
elblag.pl,1
fjell.no,1
rawa-maz.pl,1
zagan.pl,1
k12.oh.us,1
hyogo.jp,1
hm.no,1
k12.me.us,1
hackney.sch.uk,1
jgora.pl,1
pomorskie.pl,1
khv.ru,1
bergamo.it,1
star.ye,1
co.mw,1
glasgow.sch.uk,1
x.se,1
gov.mr,1
lib.in.us,1
chungnam.kr,1
nowaruda.pl,1
microsoft,1
courses,1
spot,1
skien.no,1
sa.gov.pl,1
gouv.bj,1
hammerfest.no,1
ustka.pl,1
lubin.pl,1
manosso.nom.br,1
olbiatempio.it,1
bryansk.su,1
eu.int,1
edu.vu,1
school.nz,1
fukushima.jp,1
org.tm,1
com.tt,1
edu.kz,1
mensagens.nom.br,1
www.sapporo.jp,1
lib.oh.us,1
shropshire.sch.uk,1
miasta.pl,1
k12.ms.us,1
k12.de.us,1
avocat.fr,1
ostrowwlkp.pl,1
gmail,1
stavropol.ru,1
kinder,1
nuoro.it,1
lowicz.pl,1
ky.us,1
bielawa.pl,1
gsm.pl,1
maori.nz,1
ascolipiceno.it,1
mragowo.pl,1
lib.nv.us,1
mil.cl,1
turystyka.pl,1
turen.tn,1
ski.no,1
nara.jp,1
com.ws,1
gjovik.no,1
trv,1
karpacz.pl,1
viterbo.it,1
wodzislaw.pl,1
huissier-justice.fr,1
mortgage,1
k12.co.us,1
bialowieza.pl,1
ostrowiec.pl,1
fuji.shizuoka.jp,1
sa.edu.au,1
mango,1
com.sn,1
jeju.kr,1
historia.nom.br,1
catholic,1
its.me,1
siracusa.it,1
whoswho,1
edu.lc,1
opoczno.pl,1
gov.ws,1
us.gov.pl,1
kolobrzeg.pl,1
cc.ca.us,1
seoul.kr,1
kvam.no,1
tsk.ru,1
walsall.sch.uk,1
net.pa,1
konskowola.pl,1
gov.tj,1
security,1
kaluga.su,1
kalmykia.ru,1
lomza.pl,1
idf.il,1
agric.za,1
ostroda.pl,1
post.ye,1
leg.br,1
gorlice.pl,1
akita.jp,1
edu.mv,1
pa.gov.pl,1
org.ps,1
ip6.arpa,1
auto.pl,1
okinawa.jp,1
boleslawiec.pl,1
int.vn,1
com.nf,1
name.my,1
szczytno.pl,1
silva.nom.br,1
cc.nc.us,1
saude.nom.br,1
fed.us,1
i.ph,1
org.me,1
tas.gov.au,1
xn--lgbbat1ad8j,1
podlasie.pl,1
sf.no,1
ringerike.no,1
beskidy.pl,1
ishikawa.jp,1
stoke.sch.uk,1
trentino.it,1
edu.ws,1
sex.pl,1
lib.nj.us,1
k12.mt.us,1
bracknell-forest.sch.uk,1
limanowa.pl,1
k12.az.us,1
organic,1
k12.nv.us,1
swindon.sch.uk,1
grajewo.pl,1
he.cn,1
ketrzyn.pl,1
lib.wi.us,1
utazas.hu,1
mil.py,1
edu.gl,1
tokushima.jp,1
ug.gov.pl,1
gmina.pl,1
www.kitakyushu.jp,1
ind.tn,1
ichinomiya.aichi.jp,1
everbank,1
aberdeen.sch.uk,1
salon,1
fredrikstad.no,1
zachpomor.pl,1
paul.mm,1
monza.it,1
test.ru,1
bom,1
gob.cl,1
mil.gh,1
polkowice.pl,1
shimane.jp,1
com.nr,1
lib.ut.us,1
swiebodzin.pl,1
republican,1
hull.sch.uk,1
net.jm,1
nysa.pl,1
mil.no,1
sbi,1
k12.nm.us,1
mil.gt,1
bath.sch.uk,1
tos.it,1
czeladz.pl,1
wios.gov.pl,1
starostwo.gov.pl,1
ntt,1
bangkokair.pg,1
portal.nom.br,1
city.hu,1
you,1
parliament.nz,1
ap.gov.pl,1
murmansk.su,1
noor.ye,1
lib.ms.us,1
vibovalentia.it,1
k12.ne.us,1
www.kobe.jp,1
jeonnam.kr,1
science.museum,1
media.pl,1
anz,1
trondheim.no,1
lr,1
net.af,1
soccer,1
cc.mn.us,1
org.im,1
w-berks.sch.uk,1
k12.wa.us,1
qld.gov.au,1
tozsde.hu,1
brand.se,1
cfa,1
gov.vc,1
info.na,1
itau,1
mil.iq,1
k12.ca.us,1
co.gy,1
shiga.jp,1
orixas.nom.br,1
naturalhistory.museum,1
bing,1
towerhamlets.sch.uk,1
com.mu,1
kagoshima.jp,1
venice.it,1
ilawa.pl,1
memorial,1
bronnoy.no,1
aland.fi,1
og.it,1
gwangju.kr,1
kyoto.jp,1
qau.ye,1
gop.pk,1
lib.or.us,1
lib.ar.us,1
dnp,1
swinoujscie.pl,1
nagano.jp,1
co.cl,1
gov.dm,1
edu.ky,1
kepno.pl,1
gifu.jp,1
lib.mn.us,1
lib.ok.us,1
naklo.pl,1
fylkesbibl.no,1
gov.lc,1
aomori.jp,1
info.bd,1
in-addr.arpa,1
nakanojo.gunma.jp,1
lib.ca.us,1
alipay,1
kartuzy.pl,1
tz,1
com.kz,1
mil.ae,1
rel.pl,1
cc.or.us,1
lib.il.us,1
udm.ru,1
homes,1
org.kg,1
joomla-test.gu,1
agulha.nom.br,1
parliament.cy,1
cz.it,1
gob.hn,1
kagawa.jp,1
video.hu,1
www.kawasaki.jp,1
msk.su,1
lib.ks.us,1
wielun.pl,1
targi.pl,1
net.ni,1
mil.kz,1
emerck,1
rome.it,1
gov.ee,1
mazowsze.pl,1
nt.ro,1
gov.nc.tr,1
cc.va.us,1
lib.la.us,1
book,1
n-somerset.sch.uk,1
wloclawek.pl,1
mobi.tz,1
zgorzelec.pl,1
ulan-ude.ru,1
azure,1
com.bb,1
health.nz,1
cisco,1
riik.ee,1
saga.jp,1
java,1
zaporizhzhe.ua,1
versicherung,1
fermo.it,1
e12.ve,1
wakayama.jp,1
lib.nd.us,1
babia-gora.pl,1
i.mm,1
ot.it,1
yun,1
moc.kw,1
www.sendai.jp,1
cc.ms.us,1
edu.bi,1
ntr.br,1
niigata.jp,1
movistar,1
mit,1
cc.fl.us,1
dundeecity.sch.uk,1
net.pn,1
vic.edu.au,1
gunma.jp,1
htc,1
aid.pl,1
miyagi.jp,1
xn--e1a4c,1
com.mg,1
edu.pr,1
edu.kp,1
cc.mi.us,1
pharmacien.fr,1
net.ms,1
ogliastra.it,1
szex.hu,1
london.museum,1
dni.us,1
tas.edu.au,1
bbc,1
warwickshire.sch.uk,1
nic.mm,1
ic.gov.pl,1
lago.nom.br,1
swidnica.pl,1
izhevsk.ru,1
k12.ny.us,1
com.lc,1
brasil.nom.br,1
tm.se,1
ascot.sch.uk,1
k12.wi.us,1
org.gg,1
defense.tn,1
taa.it,1
gov.kz,1
lukow.pl,1
sport.hu,1
kongsberg.no,1
hitachiomiya.ibaraki.jp,1
n-lanark.sch.uk,1
ts.it,1
mincom.tn,1
com.ug,1
k12.al.us,1
novosibirsk.ru,1
into.nom.br,1
argyll-bute.sch.uk,1
kharkiv.ua,1
emfoco.nom.br,1
gyeonggi.kr,1
act.edu.au,1
oita.jp,1
int.ar,1
kfh,1
cc.nj.us,1
net.om,1
ptz.ru,1
vt.us,1
gcss.ye,1
gov.ac,1
cc.tn.us,1
nagato.yamaguchi.jp,1
off,1
umig.gov.pl,1
lib.md.us,1
dc.us,1
priv.pl,1
reggio-emilia.it,1
isoc.ye,1
k12.ky.us,1
